id,observed_on_string,observed_on,time_observed_at,time_zone,user_id,user_login,user_name,created_at,updated_at,quality_grade,license,url,image_url,sound_url,tag_list,description,num_identification_agreements,num_identification_disagreements,captive_cultivated,oauth_application_id,place_guess,latitude,longitude,positional_accuracy,private_place_guess,private_latitude,private_longitude,public_positional_accuracy,geoprivacy,taxon_geoprivacy,coordinates_obscured,positioning_method,positioning_device,species_guess,scientific_name,common_name,iconic_taxon_name,taxon_id
3143719,Tue May 10 2016 14:49:36 GMT-0700 (PDT),10/05/2016,2016-05-10 21:49:36 UTC,Pacific Time (US & Canada),233819,nturbeville2023,,2016-05-10 21:50:17 UTC,2020-12-17 22:47:56 UTC,research,CC-BY-NC,http://www.inaturalist.org/observations/3143719,https://inaturalist-open-data.s3.amazonaws.com/photos/3635494/medium.jpg,,,,3,0,false,3,"Tijuana, Tijuana, BC , MX",32.40461583,-116.9086386,435841,,,,435841,,,false,,,Western Honey Bee,Apis mellifera,Abeja melífera europea,Insecta,47219
3333872,12/05/2016,12/05/2016,,Tijuana,15781,adrianaalvarez,Adriana Alvarez A.,2016-05-29 20:05:34 UTC,2023-02-21 07:10:19 UTC,research,CC-BY-NC-ND,http://conabio.inaturalist.org/observations/3333872,https://inaturalist-open-data.s3.amazonaws.com/photos/3849956/medium.jpg,,"Abeja, Valle de las Palmas, Baja California",Observada por Evelyn Chávez Polanco en los alrededores de UABC Valle de las Palmas,6,0,false,,"Tijuana, MX-BN, MX",32.434599,-116.676307,223,,,,223,,,false,,,Abeja melífera europea,Apis mellifera,Abeja melífera europea,Insecta,47219
3980639,2016/08/14 11:19 AM PDT,14/08/2016,2016-08-14 18:19:00 UTC,Pacific Time (US & Canada),15781,adrianaalvarez,Adriana Alvarez A.,2016-08-28 17:03:49 UTC,2022-12-24 03:51:37 UTC,research,CC-BY-NC-ND,http://conabio.inaturalist.org/observations/3980639,https://inaturalist-open-data.s3.amazonaws.com/photos/4696892/medium.jpg,,"Insecto, Valle de las Palmas, Baja California",Insecto observado por Antonio G. Hernández,4,0,false,,"ECITEC, Tijuana, México",32.4354452,-116.6754024,400,,,,400,,,false,,,Honey-tailed Striped Sweat Bee,Agapostemon melliventris,Agapostemon melliventris,Insecta,50087
7905057,Wed Sep 13 2017 09:38:23 GMT-0700 (PDT),13/09/2017,2017-09-13 16:38:23 UTC,Pacific Time (US & Canada),617192,acostakaren,,2017-09-13 18:38:12 UTC,2022-02-01 05:21:50 UTC,research,,https://www.inaturalist.org/observations/7905057,https://static.inaturalist.org/photos/10428967/medium.jpg,,,,3,0,false,3,"Calle 7, Tijuana, BC , MX",32.46241333,-116.862555,,,,,,,,false,,,Honey Bee,Apis mellifera,Abeja melífera europea,Insecta,47219
8573055,2017-09-29 11:42:34 AM PDT,29/09/2017,2017-09-29 18:42:34 UTC,Pacific Time (US & Canada),451673,johan10,Johan Chabadabadu,2017-10-27 05:45:42 UTC,2021-03-30 21:17:38 UTC,research,,https://www.inaturalist.org/observations/8573055,https://static.inaturalist.org/photos/11453615/medium.jpeg,,,,4,0,false,2,"Bulevar Alberto Limón Padilla, Baja California, México",32.53941468,-116.8600726,22014,,,,22014,,,false,gps,gps,Honey Bee,Apis mellifera,Abeja melífera europea,Insecta,47219
9911656,Sun Feb 18 2018 14:15:32 GMT-0800 (PST),18/02/2018,2018-02-18 22:15:32 UTC,Pacific Time (US & Canada),762639,michpc,,2018-02-18 22:16:14 UTC,2020-12-17 21:26:07 UTC,research,,https://www.inaturalist.org/observations/9911656,https://static.inaturalist.org/photos/13594955/medium.jpg,,,It was dead when i found it,3,0,false,3,"Avenida Universidad 2224, Tijuana, BC , MX",32.52545333,-116.9770133,5,,,,5,,,false,,,Western Honey Bee,Apis mellifera,Abeja melífera europea,Insecta,47219
10071130,2018-03-03 11:12:56 AM PST,03/03/2018,2018-03-03 19:12:56 UTC,Pacific Time (US & Canada),779882,ggm,,2018-03-03 19:29:15 UTC,2020-12-17 22:33:24 UTC,research,CC-BY-NC,https://www.inaturalist.org/observations/10071130,https://inaturalist-open-data.s3.amazonaws.com/photos/13866935/medium.jpeg,,,,4,0,false,2,"Parque Azteca Nte 1591, Playas, Rivera, Tijuana, B.C., México",32.52015167,-117.1230217,7,,,,7,,,false,,,Western Honey Bee,Apis mellifera,Abeja melífera europea,Insecta,47219
10071616,2018-03-02 10:08:52 PM PST,02/03/2018,2018-03-03 06:08:52 UTC,Pacific Time (US & Canada),768501,marlenesilva,,2018-03-03 19:54:42 UTC,2020-12-17 22:33:04 UTC,research,CC-BY-NC,https://www.inaturalist.org/observations/10071616,https://inaturalist-open-data.s3.amazonaws.com/photos/13867855/medium.jpeg,,,,4,0,false,2,"Peñón 3271, Playas, Costa Hermosa, 22506 Tijuana, B.C., Mexico",32.50589888,-117.1166899,344,,,,344,,,false,gps,gps,Western Honey Bee,Apis mellifera,Abeja melífera europea,Insecta,47219
10077919,2018-03-03 11:17:35 AM PST,03/03/2018,2018-03-03 19:17:35 UTC,Pacific Time (US & Canada),744581,colibriazul,,2018-03-04 02:07:21 UTC,2020-12-17 22:32:49 UTC,research,CC-BY-NC,https://www.inaturalist.org/observations/10077919,https://inaturalist-open-data.s3.amazonaws.com/photos/13893819/medium.jpeg,,,insecto abeja ,4,0,false,2,"Tijuana, MX-BN, MX",32.52030762,-117.1228391,9,,,,9,,,false,,,Western Honey Bee,Apis mellifera,Abeja melífera europea,Insecta,47219
14950081,2018-07-20 11:38:59 AM PDT,20/07/2018,2018-07-20 18:38:59 UTC,Pacific Time (US & Canada),1082794,aperez-95,,2018-07-30 16:07:55 UTC,2022-02-01 05:30:49 UTC,research,CC-BY-NC,https://www.inaturalist.org/observations/14950081,https://inaturalist-open-data.s3.amazonaws.com/photos/22301450/medium.jpg,,,A couple of bees were together at one spot in an ice cream shop. Probably lured by the sugar.,3,0,false,2,"Calle Puebla 3079, Fraccionamiento, México, 22056 Tijuana, B.C., Mexico",32.51452971,-117.0400565,16829,,,,16829,,,false,gps,gps,Western Honey Bee,Apis mellifera,Abeja melífera europea,Insecta,47219
14986822,2018-07-31 7:40:41 AM PDT,31/07/2018,2018-07-31 14:40:41 UTC,Pacific Time (US & Canada),1082818,angelcastillo,angel castillo,2018-07-31 15:21:56 UTC,2020-12-18 02:42:46 UTC,research,,https://www.inaturalist.org/observations/14986822,https://static.inaturalist.org/photos/22356280/medium.jpeg,,,Taking some pollen out of my flowers,2,0,false,2,"Sinaloa 562, Las Torres, 22470 Tijuana, B.C., Mexico",32.5438385,-116.8991394,,,,,,,,false,gps,gps,Western Honey Bee,Apis mellifera,Abeja melífera europea,Insecta,47219
16176652,Mon Sep 03 2018 11:41:36 GMT-0700 (PDT),03/09/2018,2018-09-03 18:41:36 UTC,Pacific Time (US & Canada),1176634,carlospr99,,2018-09-03 18:44:22 UTC,2022-02-01 05:31:24 UTC,research,,https://www.inaturalist.org/observations/16176652,https://static.inaturalist.org/photos/24258568/medium.jpg,,,,4,0,false,3,"Calle del Licenciado Verdad 8131, Tijuana, BC , MX",32.51117665,-117.0360485,65,,,,65,,,false,,,Abeja europea,Apis mellifera,Abeja melífera europea,Insecta,47219
20306386,Tue Feb 12 2019 12:20:35 GMT-0800 (PST),12/02/2019,2019-02-12 20:20:35 UTC,Pacific Time (US & Canada),1471945,renataizaguirre,,2019-02-12 20:21:09 UTC,2020-12-17 21:23:10 UTC,research,CC-BY-NC,https://www.inaturalist.org/observations/20306386,https://inaturalist-open-data.s3.amazonaws.com/photos/31352114/medium.jpg,,,,3,0,false,3,"Boulevard Vialidad Alamar, Tijuana, BC , MX",32.51341684,-116.9582554,6,,,,6,,,false,,,Western Honey Bee,Apis mellifera,Abeja melífera europea,Insecta,47219
21148108,Sun Mar 10 2019 16:26:38 GMT-0700 (PDT),10/03/2019,2019-03-10 23:26:38 UTC,Pacific Time (US & Canada),1509576,aylim,Aylim Llamas,2019-03-11 17:08:12 UTC,2020-12-17 22:28:06 UTC,research,,https://www.inaturalist.org/observations/21148108,https://static.inaturalist.org/photos/32692237/medium.jpg,,,,3,0,false,3,"Tijuana, MX-BN, MX",32.53906273,-116.9446466,165,,,,165,,,false,,,Western Honey Bee,Apis mellifera,Abeja melífera europea,Insecta,47219
24534175,2019-05-04 9:33:13 a. m. GMT-07:00,04/05/2019,2019-05-04 16:33:13 UTC,Arizona,1668736,rosa_flores,,2019-05-04 20:02:55 UTC,2020-12-30 02:52:26 UTC,needs_id,CC-BY-NC,https://www.inaturalist.org/observations/24534175,https://inaturalist-open-data.s3.amazonaws.com/photos/37936584/medium.jpg,,,Una especie con alas,3,1,false,2,"Real de Donceles, Real de San Francisco, Francisco Villa 2da Secc, Tijuana, B.C., México",32.48638916,-116.8583298,,,,,,,,false,gps,gps,Masked Bees,Hylaeus,Abejas de cara amarilla,Insecta,127812
25467544,Fri May 17 2019 10:55:03 GMT-0700 (GMT-7),17/05/2019,2019-05-17 17:55:03 UTC,Arizona,246499,sulavanderplank,Sula Vanderplank,2019-05-20 21:40:19 UTC,2022-09-19 16:42:53 UTC,research,CC-BY,https://www.inaturalist.org/observations/25467544,https://static.inaturalist.org/photos/39731530/medium.jpg,,,,2,0,false,3,"22789, Tijuana, BC , MX",32.36936667,-116.6506283,5,,,,5,,,false,,,Halictus tripartitus,Halictus tripartitus,Halictus tripartitus,Insecta,309390
25861505,Wed May 22 2019 18:36:21 GMT-0700 (PDT),22/05/2019,2019-05-23 01:36:21 UTC,Pacific Time (US & Canada),1502485,airamcasaos,,2019-05-27 06:16:49 UTC,2020-12-18 01:17:00 UTC,research,CC-BY-NC,https://www.inaturalist.org/observations/25861505,https://inaturalist-open-data.s3.amazonaws.com/photos/40104847/medium.jpg,,,,3,0,false,3,"22163, Tijuana, BC , MX",32.41454053,-116.9451692,74767,,,,74767,,,false,,,Abeja melífera,Apis mellifera,Abeja melífera europea,Insecta,47219
26197576,2019-06-01 11:47:21 a. m. GMT-07:00,01/06/2019,2019-06-01 18:47:21 UTC,Arizona,1668736,rosa_flores,,2019-06-01 19:19:39 UTC,2022-02-01 05:30:13 UTC,research,CC-BY-NC,https://www.inaturalist.org/observations/26197576,https://inaturalist-open-data.s3.amazonaws.com/photos/40657750/medium.jpg,,,,3,0,false,2,"Real de Donceles, Real de San Francisco, Francisco Villa 2da Secc, Tijuana, B.C., México",32.48638916,-116.8580551,,,,,,,,false,gps,gps,Abeja melífera europea,Apis mellifera,Abeja melífera europea,Insecta,47219
26828466,2019/06/11 12:40 PM PDT,11/06/2019,2019-06-11 19:40:00 UTC,Pacific Time (US & Canada),1864756,luisvargas1999,Luis Javier Vargas,2019-06-11 21:26:02 UTC,2022-02-01 05:30:14 UTC,research,CC-BY-NC,https://www.inaturalist.org/observations/26828466,https://inaturalist-open-data.s3.amazonaws.com/photos/41681580/medium.jpg,,,,4,0,false,,"Lomas Hipodromo, 22030 Tijuana, B.C., Mexico",32.49513,-116.992232,111,,,,111,,,false,,,Western Honey Bee,Apis mellifera,Abeja melífera europea,Insecta,47219
31101108,2019/08/04 11:12 AM PDT,04/08/2019,2019-08-04 18:12:00 UTC,Tijuana,504025,erandi_mtz,,2019-08-19 03:40:17 UTC,2022-11-02 01:02:54 UTC,research,CC-BY-NC,https://www.inaturalist.org/observations/31101108,https://inaturalist-open-data.s3.amazonaws.com/photos/48642624/medium.jpeg,,,,4,0,false,,"Tijuana, B.C., México",32.52215802,-116.9773399,4,,,,4,,,false,,,Western Honey Bee,Apis mellifera,Abeja melífera europea,Insecta,47219
32327662,2019-09-07 10:10:32 a. m. GMT-07:00,07/09/2019,2019-09-07 17:10:32 UTC,Arizona,14700,eugenia_tutor,Eugenia - Tutor,2019-09-08 07:30:58 UTC,2020-12-18 03:57:28 UTC,research,CC-BY-NC,https://www.inaturalist.org/observations/32327662,https://inaturalist-open-data.s3.amazonaws.com/photos/50692739/medium.jpeg,,,,3,0,false,2,"Terrazas, Tijuana, B.C., México",32.53230051,-117.1149133,9,,,,9,,,false,gps,gps,Western Honey Bee,Apis mellifera,Abeja melífera europea,Insecta,47219
32621111,2019-09-07 9:37:37 AM PDT,07/09/2019,2019-09-07 16:37:37 UTC,Pacific Time (US & Canada),2218683,carlosnevarez,Carlos Nevarez,2019-09-13 01:26:23 UTC,2022-01-08 16:19:42 UTC,research,,https://www.inaturalist.org/observations/32621111,https://static.inaturalist.org/photos/51178867/medium.jpeg,,,,5,0,false,2,"Playas, Dorada, Tijuana, B.C., Mexico",32.5233345,-117.1080551,,,,,,,,false,gps,gps,Sonoran Bumble Bee,Bombus sonorus,abejorro zumbador,Insecta,57690
34684343,2019-10-20 3:15:00 PM PDT,20/10/2019,2019-10-20 22:15:00 UTC,Pacific Time (US & Canada),2382094,srsvivos,srsvivos,2019-10-21 12:01:57 UTC,2020-12-18 04:54:32 UTC,research,CC-BY,https://www.inaturalist.org/observations/34684343,https://inaturalist-open-data.s3.amazonaws.com/photos/54617041/medium.jpeg,,,,4,0,false,2,"Baja Maq el Aguila, 22215 Tijuana, B.C., México",32.50079566,-116.8999584,3,,,,3,,,false,gps,gps,Western Honey Bee,Apis mellifera,Abeja melífera europea,Insecta,47219
34800033,12/10/2019,12/10/2019,,Pacific Time (US & Canada),668716,luck,lucky,2019-10-23 20:50:42 UTC,2021-08-23 16:12:24 UTC,research,CC-BY,https://www.inaturalist.org/observations/34800033,https://inaturalist-open-data.s3.amazonaws.com/photos/54813112/medium.jpeg,,,"Little friend got trapped in an orange juice Tetra pak, then found itself in the mouth of an unsuspecting human who took a big gulp of juice. Human thought fast and scooped it out of his mouth but didn't know what to do next. I took over I gave it a place to dry out, recover and groom. It became clear after a while that it needed a little gentle attending with a damp napkin to get its wings unstuck. It climbed up my arm and kept busy undoing the sticky pickle it had gotten into. After an hour it was in full flying form and flew away, presumably to rejoin the hive. Happy ending!",3,0,false,2,,32.44738017,-117.1310081,44,,,,29093,obscured,,true,gps,gps,Western Honey Bee,Apis mellifera,Abeja melífera europea,Insecta,47219
34886385,2019-09-15 3:14:39 PM PDT,15/09/2019,2019-09-15 22:14:39 UTC,Pacific Time (US & Canada),2240951,georginalopez1,Georgina Lopez,2019-10-25 21:11:18 UTC,2022-02-01 05:31:24 UTC,research,CC-BY-NC,https://www.inaturalist.org/observations/34886385,https://inaturalist-open-data.s3.amazonaws.com/photos/54963574/medium.jpg,,,,3,0,false,2,"Salvatierra, Tijuana, B.C., México",32.48393592,-117.0661901,4,,,,4,,,false,,,Western Honey Bee,Apis mellifera,Abeja melífera europea,Insecta,47219
38137773,Wed Oct 17 2018 14:41:03 GMT-0700 (PDT),17/10/2018,2018-10-17 21:41:03 UTC,Pacific Time (US & Canada),2558767,daniel1815,Daniel Valdez,2020-01-31 06:04:22 UTC,2020-12-18 04:36:45 UTC,research,,https://www.inaturalist.org/observations/38137773,https://static.inaturalist.org/photos/60570645/medium.jpg,,,,4,0,false,3,"Avenida Guerrero Negro, Tijuana, BC , MX",32.44444167,-116.9830467,,,,,,,,false,,,Western Honey Bee,Apis mellifera,Abeja melífera europea,Insecta,47219
38417118,Thu Feb 06 2020 12:32:57 GMT-0800 (PST),06/02/2020,2020-02-06 12:32:57 UTC,UTC,2569461,millietj,,2020-02-08 08:46:51 UTC,2022-02-01 05:29:31 UTC,research,CC-BY-NC,https://www.inaturalist.org/observations/38417118,https://inaturalist-open-data.s3.amazonaws.com/photos/61051862/medium.jpg,,,,4,0,false,3,"Universidad Xochicalco - Campus Tijuana, Tijuana, BC , MX",32.51344667,-116.9584367,7,,,,7,,,false,,,Abeja melífera europea,Apis mellifera,Abeja melífera europea,Insecta,47219
38585729,2020/01/31 8:17 AM PST,31/01/2020,2020-01-31 16:17:00 UTC,Pacific Time (US & Canada),1804431,alejgomez,alejandro gomez,2020-02-12 23:12:30 UTC,2020-12-17 21:09:03 UTC,research,CC-BY-NC,https://www.inaturalist.org/observations/38585729,https://inaturalist-open-data.s3.amazonaws.com/photos/61344326/medium.jpg,,,burst,4,0,false,,"Valle del Sur 2, Tijuana, B.C., México",32.47166443,-117.0391235,,,,,,,,false,,,Abeja melífera europea,Apis mellifera,Abeja melífera europea,Insecta,47219
41349467,2020-04-03 3:23:50 PM PDT,03/04/2020,2020-04-03 22:23:50 UTC,Pacific Time (US & Canada),1120822,tatianaesquerra,Tatiana Esquerra,2020-04-04 07:57:36 UTC,2020-12-18 00:23:45 UTC,research,,https://www.inaturalist.org/observations/41349467,https://static.inaturalist.org/photos/65589358/medium.jpeg,,,,3,0,false,2,"Tijuana, MX-BN, MX",32.54831633,-116.9584551,18,,,,18,,,false,,,Western Honey Bee,Apis mellifera,Abeja melífera europea,Insecta,47219
41573187,2020/04/05 12:52 PM PDT,05/04/2020,2020-04-05 19:52:00 UTC,Pacific Time (US & Canada),1935956,alex_vchiu,,2020-04-07 00:48:09 UTC,2022-01-08 20:08:51 UTC,needs_id,CC-BY-NC,https://www.inaturalist.org/observations/41573187,https://inaturalist-open-data.s3.amazonaws.com/photos/65959625/medium.jpg,,,,1,0,false,,"El Valle, Tijuana, B.C., Mexico",32.4814431,-116.96243,659,,,,659,,,false,,,Metallic Sweat Bees,Dialictus,Abejas metálicas del sudor,Insecta,126545
44209973,2020/04/29 3:53 AM +0200,29/04/2020,2020-04-28 23:53:00 UTC,Pretoria,736516,rosyrubio,Rosy Rubio,2020-04-29 02:18:11 UTC,2022-01-08 18:07:00 UTC,needs_id,CC-BY-NC,https://www.inaturalist.org/observations/44209973,https://inaturalist-open-data.s3.amazonaws.com/photos/70091110/medium.jpeg,,,"Abeja europea o abeja melífera occidental
La abeja europea (Apis mellifera) es probablemente una de las especies de abejas melíferas más populares y fue clasificada por Carl Nilsson Linnaeus en 1758. Existen hasta 20 especies reconocidas y es originaria de Europa, África y Asia, aunque actualmente se ha extendido en todos los continentes, exceptuando en la Antártida. [1]",5,1,false,,"Tijuana, B.C., México",32.5149469,-117.0382471,25421,,,,25421,,,false,,,Abeja melífera europea,Eucerini,Abejas cornudas,Insecta,121514
45917134,Thu May 14 2020 15:19:04 GMT-0700 (PDT),14/05/2020,2020-05-14 22:19:04 UTC,Pacific Time (US & Canada),2622836,karenvs6,,2020-05-14 22:19:43 UTC,2020-12-18 01:35:08 UTC,research,CC-BY-NC,https://www.inaturalist.org/observations/45917134,https://inaturalist-open-data.s3.amazonaws.com/photos/72824987/medium.jpg,,,,4,0,false,3,"Vía del Adriático, Tijuana, BC , MX",32.48499736,-116.988991,65,,,,65,,,false,,,Western Honey Bee,Apis mellifera,Abeja melífera europea,Insecta,47219
47579540,2019/09/08 4:26 PM CDT,08/09/2019,2019-09-08 21:26:00 UTC,Mexico City,14700,eugenia_tutor,Eugenia - Tutor,2020-05-28 01:36:50 UTC,2022-01-08 16:21:00 UTC,needs_id,CC-BY-NC,https://www.inaturalist.org/observations/47579540,https://inaturalist-open-data.s3.amazonaws.com/photos/75466009/medium.jpeg,,,,1,0,false,,"Playas, Jardines Playas de Tijuana, Tijuana, B.C., México",32.52315333,-117.1241517,,,,,,,,false,,,Striped Sweat Bees,Agapostemon,Abejas verde metálico,Insecta,50086
47675183,2020-05-28 4:00:36 PM PDT,28/05/2020,2020-05-28 23:00:36 UTC,Pacific Time (US & Canada),2382094,srsvivos,srsvivos,2020-05-28 23:04:22 UTC,2021-07-31 00:01:25 UTC,needs_id,CC-BY,https://www.inaturalist.org/observations/47675183,https://inaturalist-open-data.s3.amazonaws.com/photos/75622112/medium.jpeg,,,,0,0,false,2,"Emperadores, 22117 Tijuana, B.C., México",32.48826766,-116.9650945,3,,,,3,,,false,gps,gps,Hylaeus modestus,Hylaeus modestus,Hylaeus modestus,Insecta,199048
49634709,2020-06-14 10:11:29 AM PDT,14/06/2020,2020-06-14 17:11:29 UTC,Pacific Time (US & Canada),382312,dmariana,Mariana Delgado-Fernández,2020-06-14 20:45:23 UTC,2022-03-04 00:20:36 UTC,needs_id,,https://www.inaturalist.org/observations/49634709,https://static.inaturalist.org/photos/78795557/medium.jpeg,,,,5,0,false,2,"Tijuana, B.C., México",32.384951,-116.906325,,,,,,,,false,gps,gps,Bumble Bees,Bombus,Abejorros,Insecta,52775
50365023,Sun Jun 07 2020 16:08:38 GMT-0700 (PDT),07/06/2020,2020-06-07 23:08:38 UTC,Pacific Time (US & Canada),767939,biocowboy,Jorge Ayón,2020-06-21 04:07:45 UTC,2022-01-08 19:41:14 UTC,needs_id,,https://www.inaturalist.org/observations/50365023,https://static.inaturalist.org/photos/79975146/medium.jpg,,,,2,0,false,3,"Calle Eduardo 3 Guerras, Tijuana, BC , MX",32.54543607,-116.9275205,24,,,,24,,,false,,,Metallic Sweat Bees,Dialictus,Abejas metálicas del sudor,Insecta,126545
53397657,17/07/2020,17/07/2020,,Pacific Time (US & Canada),1526858,igmi,IgMi VeMa,2020-07-17 19:51:29 UTC,2022-07-13 09:47:30 UTC,needs_id,,https://www.inaturalist.org/observations/53397657,https://static.inaturalist.org/photos/84927268/medium.jpg,,,,4,0,false,2,"Mar Vista, Tijuana, B.C., México",32.51281893,-117.1032785,679,,,,679,,,false,gps,gps,Agapostemon,Agapostemon,Agapostemon,Insecta,606634
55662298,2020/08/05 6:51 PM PDT,05/08/2020,2020-08-06 01:51:00 UTC,Pacific Time (US & Canada),63271,cgv_rama,César García Valderrama,2020-08-07 01:54:44 UTC,2023-01-28 01:52:24 UTC,needs_id,,https://www.inaturalist.org/observations/55662298,https://static.inaturalist.org/photos/88649953/medium.png,,,,3,1,false,,"Playas, Playas Coronado, Tijuana, B.C., Mexico",32.503214,-117.1193932,22,,,,22,,,false,,,Halictini,Halictini,Abejitas del sudor,Insecta,335597
58395894,2020-09-02 3:05:27 PM PDT,02/09/2020,2020-09-02 22:05:27 UTC,Pacific Time (US & Canada),2382094,srsvivos,srsvivos,2020-09-03 05:42:20 UTC,2022-02-01 05:31:14 UTC,research,CC-BY,https://www.inaturalist.org/observations/58395894,https://inaturalist-open-data.s3.amazonaws.com/photos/93229952/medium.jpeg,,,,3,0,false,2,"Emperadores, 22117 Tijuana, B.C., México",32.48850861,-116.9675313,3,,,,3,,,false,gps,gps,Western Honey Bee,Apis mellifera,Abeja melífera europea,Insecta,47219
59357681,Sat Sep 12 2020 10:25:24 GMT-0700 (PDT),12/09/2020,2020-09-12 17:25:24 UTC,Pacific Time (US & Canada),1493684,aranza1,Aranza Ilescas,2020-09-12 19:38:50 UTC,2022-04-05 02:02:27 UTC,research,,https://www.inaturalist.org/observations/59357681,https://static.inaturalist.org/photos/94837613/medium.jpg,,,,4,1,false,3,"Tijuana, BC , MX",32.53344667,-116.8802117,14,,,,14,,open,false,,,Yellow-faced Bumble Bee,Bombus vosnesenskii,Abejorro de cara amarilla,Insecta,57689
59493376,2020-09-13 11:03:31 AM PDT,13/09/2020,2020-09-13 11:03:31 UTC,UTC,2382094,srsvivos,srsvivos,2020-09-13 20:24:32 UTC,2022-01-08 17:29:06 UTC,needs_id,CC-BY,https://www.inaturalist.org/observations/59493376,https://inaturalist-open-data.s3.amazonaws.com/photos/95065041/medium.jpeg,,,,0,0,false,2,"Emperadores, 22117 Tijuana, B.C., México",32.48851512,-116.9675041,3,,,,3,,,false,,,Megachile policaris,Megachile policaris,Megachile policaris,Insecta,271779
59590436,2020-09-13 9:49:28 AM PDT,13/09/2020,2020-09-13 16:49:28 UTC,Pacific Time (US & Canada),2382094,srsvivos,srsvivos,2020-09-14 16:58:49 UTC,2022-10-06 02:50:55 UTC,needs_id,CC-BY,https://www.inaturalist.org/observations/59590436,https://inaturalist-open-data.s3.amazonaws.com/photos/95223584/medium.jpeg,,,,3,0,false,2,"Emperadores, 22117 Tijuana, B.C., México",32.48856913,-116.967538,3,,,,3,,,false,gps,gps,Halictini,Halictini,Abejitas del sudor,Insecta,335597
60299068,2020-09-20 3:20:20 PM PDT,20/09/2020,2020-09-20 22:20:20 UTC,Pacific Time (US & Canada),2382094,srsvivos,srsvivos,2020-09-21 08:45:59 UTC,2022-02-01 05:31:08 UTC,research,CC-BY,https://www.inaturalist.org/observations/60299068,https://inaturalist-open-data.s3.amazonaws.com/photos/96407857/medium.jpeg,,,,3,0,false,2,"Emperadores, 22117 Tijuana, B.C., México",32.48832253,-116.964789,3,,,,3,,,false,gps,gps,Abeja melífera europea,Apis mellifera,Abeja melífera europea,Insecta,47219
63844658,Fri Oct 30 2020 12:32:11 GMT-0700 (PDT),30/10/2020,2020-10-30 19:32:11 UTC,Pacific Time (US & Canada),23646,annyperalta,Anny Peralta,2020-10-30 21:23:18 UTC,2022-10-07 17:04:22 UTC,research,CC-BY-NC,https://www.inaturalist.org/observations/63844658,https://inaturalist-open-data.s3.amazonaws.com/photos/102536462/medium.jpg,,,,3,0,false,3,"Avenida Parque Azteca N, Tijuana, BC , MX",32.52029667,-117.1220472,4,,,,4,,,false,,,Ligated Furrow Bee,Halictus ligatus,Halictus ligatus,Insecta,154298
69270689,2021-01-26 1:11:21 PM PST,26/01/2021,2021-01-26 13:11:21 UTC,UTC,2855773,kevinplantas,Kevin Díaz,2021-02-08 20:25:47 UTC,2022-01-08 19:15:42 UTC,research,,https://www.inaturalist.org/observations/69270689,https://static.inaturalist.org/photos/112371978/medium.jpeg,,,,1,0,false,2,,32.51270888,-117.1051563,28,,,,29093,obscured,,true,gps,gps,Agapostemon texanus,Agapostemon texanus,Agapostemon texanus,Insecta,133797
70759127,Sun Mar 07 2021 11:15:54 GMT-0800 (PST),07/03/2021,2021-03-07 11:15:54 UTC,UTC,4045397,ricardo_chavez1,Ricardo Chavez,2021-03-07 19:17:30 UTC,2022-09-07 04:31:33 UTC,research,,https://www.inaturalist.org/observations/70759127,https://static.inaturalist.org/photos/115120527/medium.jpg,,,,4,0,false,3,"Avenida Alta Brisa, Tijuana, BC , MX",32.53091135,-116.9739151,50,,,,50,,,false,,,Abeja melífera europea,Apis mellifera,Abeja melífera europea,Insecta,47219
71173834,Sat Mar 13 2021 06:37:51 GMT-0800 (PST),13/03/2021,2021-03-13 06:37:51 UTC,UTC,4043534,tansyz,,2021-03-14 00:17:47 UTC,2022-10-09 07:06:04 UTC,research,CC-BY-NC,https://www.inaturalist.org/observations/71173834,https://inaturalist-open-data.s3.amazonaws.com/photos/115836215/medium.jpg,,,"Yellow/black, type of bee, fully grown ",2,0,false,3,"Pacific Ocean, BC , MX",32.51115833,-117.1240167,5,,,,5,,,false,,,Abeja melífera europea,Apis mellifera,Abeja melífera europea,Insecta,47219
71442297,2021-03-16 3:09:58 PM PDT,16/03/2021,2021-03-16 22:09:58 UTC,Pacific Time (US & Canada),4114047,psantos,,2021-03-17 20:22:09 UTC,2022-02-01 05:22:55 UTC,research,CC-BY-NC,https://www.inaturalist.org/observations/71442297,https://inaturalist-open-data.s3.amazonaws.com/photos/116317062/medium.jpeg,,,,3,0,false,2,Urbiquinta Del Cedro,32.437207,-117.0661688,948,,,,948,,,false,gps,gps,Abeja melífera europea,Apis mellifera,Abeja melífera europea,Insecta,47219
71527645,2021-03-18 1:38:00 PM PDT,18/03/2021,2021-03-18 20:38:00 UTC,Pacific Time (US & Canada),4118444,tere38,Tere Hernández,2021-03-19 02:37:56 UTC,2021-03-19 03:08:25 UTC,research,,https://www.inaturalist.org/observations/71527645,https://static.inaturalist.org/photos/116469717/medium.jpeg,,,Estaba en el patio de mi casa en una flor; en ocasiones se reúnen varias al rededor,2,0,false,2,"Xicotencatlleyva, Tijuana, B.C., México",32.48169614,-117.0691528,32,,,,32,,,false,gps,gps,Western Honey Bee,Apis mellifera,Abeja melífera europea,Insecta,47219
72483663,2021-03-30 3:38:38 PM PDT,30/03/2021,2021-03-30 22:38:38 UTC,Pacific Time (US & Canada),736338,shargarcia,Shar Garcia,2021-03-30 22:42:18 UTC,2022-01-08 19:20:36 UTC,research,CC-BY-NC,https://www.inaturalist.org/observations/72483663,https://inaturalist-open-data.s3.amazonaws.com/photos/118184233/medium.jpeg,,,,3,1,false,2,"Libertad, 22400 Tijuana, B.C., Mexico",32.53776667,-117.0179944,,,,,,,,false,gps,gps,Valley Carpenter Bee,Xylocopa sonorina,Abejorro carpintero de Sonora,Insecta,244216
72607806,Wed Mar 31 2021 13:46:56 GMT-0700 (PDT),31/03/2021,2021-03-31 20:46:56 UTC,Pacific Time (US & Canada),767939,biocowboy,Jorge Ayón,2021-04-01 14:38:34 UTC,2021-04-01 23:04:17 UTC,research,,https://www.inaturalist.org/observations/72607806,https://static.inaturalist.org/photos/118410213/medium.jpg,,,,2,0,false,3,"Avenida Circunvalación, Tijuana, BC , MX",32.52621167,-116.9863133,27,,,,27,,,false,,,Western Honey Bee,Apis mellifera,Abeja melífera europea,Insecta,47219
72616313,Wed Mar 31 2021 11:32:22 GMT-0700 (PDT),31/03/2021,2021-03-31 18:32:22 UTC,Pacific Time (US & Canada),767939,biocowboy,Jorge Ayón,2021-04-01 16:49:44 UTC,2022-02-01 05:22:52 UTC,research,,https://www.inaturalist.org/observations/72616313,https://static.inaturalist.org/photos/118425904/medium.jpg,,,En mi aguachile ,3,0,false,3,"Calle Perimetral, Tijuana, BC , MX",32.48725833,-116.925505,7,,,,7,,,false,,,Abeja melífera europea,Apis mellifera,Abeja melífera europea,Insecta,47219
72667486,Fri Mar 26 2021 11:00:24 GMT-0700 (PDT),26/03/2021,2021-03-26 18:00:24 UTC,Pacific Time (US & Canada),4133663,angelafig,,2021-04-02 07:01:37 UTC,2022-09-07 04:31:31 UTC,research,CC-BY-NC,https://www.inaturalist.org/observations/72667486,https://inaturalist-open-data.s3.amazonaws.com/photos/118519492/medium.jpg,,,"Hexapoda—Hymenoptera
-2 pairs of membranous wings, 3 pairs of legs on thorax",3,0,false,3,"E San Ysidro Blvd, CA, US",32.54254317,-117.0285542,144,,,,144,,,false,,,Westliche Honigbiene,Apis mellifera,Abeja melífera europea,Insecta,47219
72756620,2021/04/02 5:08 PM PDT,02/04/2021,2021-04-03 00:08:00 UTC,Tijuana,175484,c_meling,Cristian Meling,2021-04-03 06:08:34 UTC,2022-10-09 07:05:57 UTC,research,CC-BY,https://www.inaturalist.org/observations/72756620,https://inaturalist-open-data.s3.amazonaws.com/photos/118678729/medium.jpeg,,,,2,0,false,,"Tijuana, B.C., México",32.35411054,-116.6889434,8,,,,8,,,false,,,Western Honey Bee,Apis mellifera,Abeja melífera europea,Insecta,47219
72756622,2021/04/02 5:08 PM PDT,02/04/2021,2021-04-03 00:08:00 UTC,Tijuana,175484,c_meling,Cristian Meling,2021-04-03 06:08:35 UTC,2022-02-01 05:22:53 UTC,research,CC-BY,https://www.inaturalist.org/observations/72756622,https://inaturalist-open-data.s3.amazonaws.com/photos/118678783/medium.jpeg,,,,2,0,false,,"Tijuana, B.C., México",32.35381192,-116.6894809,8,,,,8,,,false,,,Western Honey Bee,Apis mellifera,Abeja melífera europea,Insecta,47219
73731635,2021-04-12 3:55:47 AM PDT,12/04/2021,2021-04-12 10:55:47 UTC,Pacific Time (US & Canada),2382094,srsvivos,srsvivos,2021-04-12 11:09:39 UTC,2022-09-07 04:31:23 UTC,research,CC-BY,https://www.inaturalist.org/observations/73731635,https://inaturalist-open-data.s3.amazonaws.com/photos/120412528/medium.jpeg,,,,2,0,false,2,"Emperadores, 22117 Tijuana, B.C., México",32.48823288,-116.9651823,4,,,,4,,,false,gps,gps,Abeja melífera europea,Apis mellifera,Abeja melífera europea,Insecta,47219
75492774,Tue Apr 27 2021 17:32:00 GMT-0700 (PDT),27/04/2021,2021-04-28 00:32:00 UTC,Pacific Time (US & Canada),4290912,karlasandez,,2021-04-28 00:33:15 UTC,2022-02-01 09:19:01 UTC,research,CC-BY-NC,https://www.inaturalist.org/observations/75492774,https://inaturalist-open-data.s3.amazonaws.com/photos/123515566/medium.jpg,,,,6,0,false,3,"Avenida Río Nazas, Tijuana, BC , MX",32.51945127,-117.0177311,13517,,,,13517,,,false,,,Abeja melífera europea,Apis mellifera,Abeja melífera europea,Insecta,47219
78016467,Thu May 06 2021 08:40:30 GMT-0700 (PDT),06/05/2021,2021-05-06 15:40:30 UTC,Pacific Time (US & Canada),246499,sulavanderplank,Sula Vanderplank,2021-05-09 05:14:41 UTC,2021-06-28 08:16:31 UTC,research,CC-BY,https://www.inaturalist.org/observations/78016467,https://inaturalist-open-data.s3.amazonaws.com/photos/127634020/medium.jpg,,,,3,0,false,3,"Tijuana, BC , MX",32.49666167,-116.72377,4,,,,4,,,false,,,Western Honey Bee,Apis mellifera,Abeja melífera europea,Insecta,47219
79466880,2021/03/31 12:23 PM PDT,31/03/2021,2021-03-31 19:23:00 UTC,Pacific Time (US & Canada),1935956,alex_vchiu,,2021-05-20 00:13:11 UTC,2022-01-08 19:27:40 UTC,needs_id,CC-BY-NC,https://www.inaturalist.org/observations/79466880,https://inaturalist-open-data.s3.amazonaws.com/photos/130158026/medium.jpg,,,,1,0,false,,"Santa Anita, B.C., Mexico",32.3630555,-116.8019444,1832,,,,1832,,,false,,,Furrow Bees,Halictus,Abejas negras del sudor,Insecta,57677
80035376,Sun May 23 2021 16:32:19 GMT-0700 (PDT),23/05/2021,2021-05-23 23:32:19 UTC,Pacific Time (US & Canada),4287543,navarromariana,,2021-05-23 23:33:14 UTC,2022-02-01 05:21:22 UTC,research,CC-BY-NC,https://www.inaturalist.org/observations/80035376,https://inaturalist-open-data.s3.amazonaws.com/photos/131138410/medium.jpg,,,,4,0,false,3,,32.42749356,-117.0822641,340,,,,29093,obscured,,true,,,Abeja melífera europea,Apis mellifera,Abeja melífera europea,Insecta,47219
81542149,Mon May 17 2021 15:19:00 GMT-0700 (PDT),17/05/2021,2021-05-17 22:19:00 UTC,Tijuana,2037698,ianbravo_04,Ian Bravo,2021-06-04 10:09:38 UTC,2022-01-08 19:58:49 UTC,research,CC-BY,https://www.inaturalist.org/observations/81542149,https://inaturalist-open-data.s3.amazonaws.com/photos/133761505/medium.jpg,,,,2,0,false,3,"Parque Morelos, Tijuana, BC , MX",32.49847221,-116.9408481,25,,,,25,,,false,,,Abejorro carpintero hawaiana,Xylocopa sonorina,Abejorro carpintero de Sonora,Insecta,244216
83413664,Sun Mar 21 2021 09:37:04 GMT-0700 (PDT),21/03/2021,2021-03-21 16:37:04 UTC,Pacific Time (US & Canada),4553021,jeff_puga,Jeff Puga,2021-06-17 18:09:11 UTC,2021-12-11 18:37:03 UTC,research,,https://www.inaturalist.org/observations/83413664,https://static.inaturalist.org/photos/136991995/medium.jpg,,,,3,0,false,3,"Calle Tercera, Tijuana, BC, MX",32.52632167,-117.0685417,4,,,,4,,,false,,,Western Honey Bee,Apis mellifera,Abeja melífera europea,Insecta,47219
84010557,Mon Jun 21 2021 18:51:42 GMT-0700 (PDT),21/06/2021,2021-06-22 01:51:42 UTC,Pacific Time (US & Canada),4553021,jeff_puga,Jeff Puga,2021-06-22 01:52:04 UTC,2022-10-13 03:49:15 UTC,research,,https://www.inaturalist.org/observations/84010557,https://static.inaturalist.org/photos/138032633/medium.jpg,,,,4,0,false,3,"Calle Cañón de las Rosas, Tijuana, BC, MX",32.51474542,-117.0748919,17546,,,,17546,,,false,,,Abeja melífera europea,Apis mellifera,Abeja melífera europea,Insecta,47219
84359196,Thu Jun 24 2021 13:33:43 GMT-0700 (PDT),24/06/2021,2021-06-24 20:33:43 UTC,Pacific Time (US & Canada),4549661,alyssamoreno-,,2021-06-24 22:17:58 UTC,2022-02-01 05:22:18 UTC,research,CC-BY-NC,https://www.inaturalist.org/observations/84359196,https://inaturalist-open-data.s3.amazonaws.com/photos/138639333/medium.jpg,,,,4,0,false,3,"Playas de Tijuana Sección Jardines del Sol, Tijuana, BC, MX",32.51763,-117.1238555,12,,,,12,,,false,,,Abeja melífera europea,Apis mellifera,Abeja melífera europea,Insecta,47219
84360691,24/06/2021 14:51,24/06/2021,2021-06-24 21:51:29 UTC,Tijuana,2037698,ianbravo_04,Ian Bravo,2021-06-24 22:36:52 UTC,2022-10-13 03:49:15 UTC,research,CC-BY,https://www.inaturalist.org/observations/84360691,https://inaturalist-open-data.s3.amazonaws.com/photos/138642248/medium.jpeg,,,,2,0,false,2,,32.49124689,-116.9434647,12,,,,29093,obscured,,true,gps,gps,Abeja melífera europea,Apis mellifera,Abeja melífera europea,Insecta,47219
89876268,30/05/2021 16:28,30/05/2021,2021-05-30 23:28:51 UTC,Tijuana,2382094,srsvivos,srsvivos,2021-08-04 06:25:58 UTC,2022-02-20 05:59:13 UTC,research,CC-BY,https://www.inaturalist.org/observations/89876268,https://inaturalist-open-data.s3.amazonaws.com/photos/148467150/medium.jpeg,,,,3,0,false,2,"22430 Tijuana, B.C., México",32.53814757,-116.9408201,10,,,,10,,,false,gps,gps,California Bumble Bee,Bombus californicus,abejorro californiano,Insecta,124420
91684153,Wed Aug 18 2021 15:06:52 GMT-0700 (PDT),18/08/2021,2021-08-18 22:06:52 UTC,Pacific Time (US & Canada),2983017,robinivanvilla,Robin Ivan Villa,2021-08-18 22:08:53 UTC,2022-02-01 05:21:54 UTC,research,,https://www.inaturalist.org/observations/91684153,https://static.inaturalist.org/photos/151695851/medium.jpg,,,,3,0,false,3,"Avenida de las Américas, Tijuana, BC, MX",32.53135333,-116.9573217,16,,,,16,,,false,,,Abeja melífera europea,Apis mellifera,Abeja melífera europea,Insecta,47219
97435161,20/09/2021 12:20,20/09/2021,2021-09-20 19:20:45 UTC,Tijuana,2382094,srsvivos,srsvivos,2021-10-07 11:38:52 UTC,2022-01-08 20:26:14 UTC,research,CC-BY,https://www.inaturalist.org/observations/97435161,https://inaturalist-open-data.s3.amazonaws.com/photos/162046134/medium.jpeg,,,,2,0,false,2,INSTITUTO DE MOVILIDAD SUSTENTABLE,32.44621252,-116.8499037,4,,,,4,,,false,gps,gps,Halictus ligatus,Halictus ligatus,Halictus ligatus,Insecta,154298
98898175,09/10/2021 11:19,09/10/2021,2021-10-09 18:19:24 UTC,Tijuana,2382094,srsvivos,srsvivos,2021-10-21 17:39:59 UTC,2021-11-19 12:29:36 UTC,research,CC-BY,https://www.inaturalist.org/observations/98898175,https://inaturalist-open-data.s3.amazonaws.com/photos/164761234/medium.jpeg,,,,3,0,false,2,"22430 Tijuana, B.C., México",32.53374097,-116.9418883,4,,,,4,,,false,gps,gps,Western Honey Bee,Apis mellifera,Abeja melífera europea,Insecta,47219
108351320,21/10/2021 09:26,21/10/2021,2021-10-21 16:26:46 UTC,Tijuana,2382094,srsvivos,srsvivos,2022-03-11 06:19:48 UTC,2022-09-07 04:26:39 UTC,research,CC-BY,https://www.inaturalist.org/observations/108351320,https://inaturalist-open-data.s3.amazonaws.com/photos/182411049/medium.jpeg,,,,2,0,false,2,"Emperadores, 22117 Tijuana, B.C., México",32.48843763,-116.9650391,4,,,,4,,,false,gps,gps,Abeja melífera europea,Apis mellifera,Abeja melífera europea,Insecta,47219
108609200,Mon Mar 14 2022 13:43:57 GMT-0700 (PDT),14/03/2022,2022-03-14 20:43:57 UTC,Pacific Time (US & Canada),5420894,missgaby,,2022-03-14 20:44:11 UTC,2022-11-09 03:23:39 UTC,needs_id,CC-BY-NC,https://www.inaturalist.org/observations/108609200,https://inaturalist-open-data.s3.amazonaws.com/photos/182895077/medium.jpg,,,,5,1,false,3,"Avenida Parque Baja California S, Tijuana, BC, MX",32.51382,-117.1125112,65,,,,65,,,false,,,Bees,Anthophila,Abejas,Insecta,630955
108639696,2019/09/06 12:25 AM CDT,06/09/2019,2019-09-06 05:25:00 UTC,Mexico City,14700,eugenia_tutor,Eugenia - Tutor,2022-03-15 06:18:38 UTC,2022-09-07 04:26:40 UTC,research,CC-BY-NC,https://www.inaturalist.org/observations/108639696,https://inaturalist-open-data.s3.amazonaws.com/photos/182955365/medium.jpg,,,,3,0,false,,"Playas, Playas Coronado, Tijuana, B.C., México",32.53234004,-117.1149907,2,,,,2,,,false,,,Abeja melífera europea,Apis mellifera,Abeja melífera europea,Insecta,47219
108709957,Mon Mar 14 2022 13:20:44 GMT-0700 (PDT),14/03/2022,2022-03-14 20:20:44 UTC,Pacific Time (US & Canada),23646,annyperalta,Anny Peralta,2022-03-16 05:54:59 UTC,2022-03-22 13:59:35 UTC,needs_id,CC-BY-NC,https://www.inaturalist.org/observations/108709957,https://inaturalist-open-data.s3.amazonaws.com/photos/183085600/medium.jpg,,,,1,0,false,3,"Avenida Parque Baja California N, Tijuana, BC, MX",32.514,-117.1127555,8,,,,8,,,false,,,Tripartite Sweat Bee,Halictus tripartitus,Halictus tripartitus,Insecta,309390
108736409,16/03/2022 09:58,16/03/2022,2022-03-16 16:58:36 UTC,Tijuana,5419023,karla203020,Karla,2022-03-16 17:31:53 UTC,2022-03-17 02:56:23 UTC,research,CC-BY-NC,https://www.inaturalist.org/observations/108736409,https://inaturalist-open-data.s3.amazonaws.com/photos/183135669/medium.jpeg,,,,2,0,false,2,"Costa Hermosa, 22506 Tijuana, B.C., México",32.51420797,-117.1143564,204,,,,204,,,false,gps,gps,Western Honey Bee,Apis mellifera,Abeja melífera europea,Insecta,47219
108783599,16/03/2022 09:54,16/03/2022,2022-03-16 16:54:24 UTC,Tijuana,5420724,brenda203020,,2022-03-17 06:14:21 UTC,2022-03-18 16:04:36 UTC,research,CC-BY-NC,https://www.inaturalist.org/observations/108783599,https://inaturalist-open-data.s3.amazonaws.com/photos/183225489/medium.jpeg,,,Abeja,2,0,false,2,CBTis 146,32.51420401,-117.1143564,203,,,,203,,,false,gps,gps,Western Honey Bee,Apis mellifera,Abeja melífera europea,Insecta,47219
109481387,25/03/2022 13:11,25/03/2022,2022-03-25 20:11:13 UTC,Tijuana,5037365,aylin_rubio,,2022-03-25 20:09:31 UTC,2022-10-09 07:05:23 UTC,research,CC-BY-NC,https://www.inaturalist.org/observations/109481387,https://static.inaturalist.org/photos/184530090/medium.jpeg,,,,2,0,false,2,"Chapultepec Alamar, Tijuana, B.C., México",32.51279092,-116.9573975,7,,,,7,,,false,,,Abeja melífera europea,Apis mellifera,Abeja melífera europea,Insecta,47219
109482913,Fri Mar 25 2022 13:27:21 GMT-0700 (PDT),25/03/2022,2022-03-25 20:27:21 UTC,Pacific Time (US & Canada),5037403,cesar1600,,2022-03-25 20:27:33 UTC,2022-10-09 07:05:24 UTC,research,CC-BY-NC,https://www.inaturalist.org/observations/109482913,https://inaturalist-open-data.s3.amazonaws.com/photos/184532588/medium.jpg,,,,2,0,false,3,"Universidad Xochicalco - Campus Tijuana, Tijuana, BC, MX",32.51269518,-116.957367,5,,,,5,,,false,,,Abeja melífera europea,Apis mellifera,Abeja melífera europea,Insecta,47219
112847883,24/04/2022 15:55,24/04/2022,2022-04-24 22:55:00 UTC,Tijuana,1479478,e-meling,Erik,2022-04-25 15:52:11 UTC,2022-04-30 12:04:42 UTC,needs_id,CC-BY-NC,https://www.inaturalist.org/observations/112847883,https://inaturalist-open-data.s3.amazonaws.com/photos/190639963/medium.jpeg,,,,1,0,false,,"Tijuana, Baja California, Mexico",32.37429722,-116.6626444,9,,,,9,,,false,,,Diadasia australis,Diadasia australis,Abejas de nopales,Insecta,1166619
112847899,24/04/2022 15:58,24/04/2022,2022-04-24 22:58:00 UTC,Tijuana,1479478,e-meling,Erik,2022-04-25 15:52:15 UTC,2022-10-09 07:05:03 UTC,research,CC-BY-NC,https://www.inaturalist.org/observations/112847899,https://inaturalist-open-data.s3.amazonaws.com/photos/190640113/medium.jpeg,,,,2,0,false,,"Tijuana, Baja California, Mexico",32.37456389,-116.6627056,7,,,,7,,,false,,,Abeja melífera europea,Apis mellifera,Abeja melífera europea,Insecta,47219
112847901,24/04/2022 15:59,24/04/2022,2022-04-24 22:59:00 UTC,Tijuana,1479478,e-meling,Erik,2022-04-25 15:52:15 UTC,2022-07-25 13:44:46 UTC,needs_id,CC-BY-NC,https://www.inaturalist.org/observations/112847901,https://inaturalist-open-data.s3.amazonaws.com/photos/190640129/medium.jpeg,,,,1,0,false,,"Tijuana, Baja California, Mexico",32.37472778,-116.662575,35,,,,35,,,false,,,Diadasia australis,Diadasia australis,Abejas de nopales,Insecta,1166619
112847930,24/04/2022 16:14,24/04/2022,2022-04-24 23:14:00 UTC,Tijuana,1479478,e-meling,Erik,2022-04-25 15:52:23 UTC,2022-05-12 03:29:31 UTC,needs_id,CC-BY-NC,https://www.inaturalist.org/observations/112847930,https://inaturalist-open-data.s3.amazonaws.com/photos/190640412/medium.jpeg,,,,1,0,false,,"Tijuana, Baja California, Mexico",32.37613611,-116.6626667,9,,,,9,,,false,,,Diadasia australis,Diadasia australis,Abejas de nopales,Insecta,1166619
112847934,24/04/2022 16:14,24/04/2022,2022-04-24 23:14:00 UTC,Tijuana,1479478,e-meling,Erik,2022-04-25 15:52:23 UTC,2022-05-12 03:28:46 UTC,needs_id,CC-BY-NC,https://www.inaturalist.org/observations/112847934,https://inaturalist-open-data.s3.amazonaws.com/photos/190640425/medium.jpeg,,,,1,0,false,,"Tijuana, Baja California, Mexico",32.37613611,-116.6626361,8,,,,8,,,false,,,Diadasia australis,Diadasia australis,Abejas de nopales,Insecta,1166619
112852721,24/04/2022 16:37,24/04/2022,2022-04-24 23:37:00 UTC,Tijuana,1479478,e-meling,Erik,2022-04-25 16:31:29 UTC,2022-05-09 04:57:48 UTC,research,CC-BY-NC,https://www.inaturalist.org/observations/112852721,https://inaturalist-open-data.s3.amazonaws.com/photos/190645275/medium.jpeg,,,,1,0,false,,"Tijuana, Baja California, Mexico",32.37511389,-116.6638111,7,,,,7,,,false,,,California Fairy Bee,Perdita californica,Perdita californica,Insecta,309374
112852724,24/04/2022 16:37,24/04/2022,2022-04-24 23:37:00 UTC,Tijuana,1479478,e-meling,Erik,2022-04-25 16:31:30 UTC,2022-05-12 03:29:11 UTC,research,CC-BY-NC,https://www.inaturalist.org/observations/112852724,https://inaturalist-open-data.s3.amazonaws.com/photos/190645323/medium.jpeg,,,,1,0,false,,"Tijuana, Baja California, Mexico",32.37512222,-116.6637806,5,,,,5,,,false,,,California Fairy Bee,Perdita californica,Perdita californica,Insecta,309374
112939558,23/04/2022,23/04/2022,,Tijuana,63844,agatica,Ana Gatica Colima,2022-04-26 07:19:54 UTC,2022-10-10 00:58:34 UTC,research,CC-BY-NC,https://www.inaturalist.org/observations/112939558,https://inaturalist-open-data.s3.amazonaws.com/photos/190810553/medium.jpeg,,,,2,0,false,,,32.52388094,-117.075585,,,,,29093,obscured,,true,,,Abeja melífera europea,Apis mellifera,Abeja melífera europea,Insecta,47219
112940247,23/04/2022,23/04/2022,,Tijuana,63844,agatica,Ana Gatica Colima,2022-04-26 07:33:00 UTC,2022-04-29 03:47:03 UTC,research,CC-BY-NC,https://www.inaturalist.org/observations/112940247,https://inaturalist-open-data.s3.amazonaws.com/photos/190811900/medium.jpeg,,,,2,0,false,,,32.45723931,-117.0276113,,,,,29093,obscured,,true,,,Abeja melífera europea,Apis mellifera,Abeja melífera europea,Insecta,47219
113021392,24/04/2022 16:00,24/04/2022,2022-04-24 23:00:00 UTC,Tijuana,175484,c_meling,Cristian Meling,2022-04-26 21:51:55 UTC,2022-05-14 04:21:40 UTC,needs_id,CC-BY,https://www.inaturalist.org/observations/113021392,https://inaturalist-open-data.s3.amazonaws.com/photos/190951105/medium.jpg,,,,1,0,false,,"Tijuana, Baja California, Mexico",32.37438397,-116.662706,,,,,,,,false,,,Diadasia australis,Diadasia australis,Abejas de nopales,Insecta,1166619
113021394,24/04/2022 15:59,24/04/2022,2022-04-24 22:59:00 UTC,Tijuana,175484,c_meling,Cristian Meling,2022-04-26 21:51:56 UTC,2023-01-29 00:03:00 UTC,needs_id,CC-BY,https://www.inaturalist.org/observations/113021394,https://inaturalist-open-data.s3.amazonaws.com/photos/190951153/medium.jpg,,,,2,0,false,,"Tijuana, B.C., México",32.37438397,-116.662706,,,,,,,,false,,,Lithurgopsis,Lithurgopsis,Lithurgopsis,Insecta,625686
113022414,24/04/2022 16:53,24/04/2022,2022-04-24 23:53:00 UTC,Tijuana,175484,c_meling,Cristian Meling,2022-04-26 22:00:34 UTC,2023-01-29 00:05:41 UTC,needs_id,CC-BY,https://www.inaturalist.org/observations/113022414,https://inaturalist-open-data.s3.amazonaws.com/photos/190953650/medium.jpg,,,,1,0,false,,"Tijuana, B.C., México",32.3746999,-116.6626671,,,,,,,,false,,,Diadasia australis,Diadasia australis,Abejas de nopales,Insecta,1166619
113027451,25/04/2022 17:37,25/04/2022,2022-04-26 00:37:00 UTC,Tijuana,175484,c_meling,Cristian Meling,2022-04-26 22:49:34 UTC,2022-10-09 07:05:05 UTC,research,CC-BY,https://www.inaturalist.org/observations/113027451,https://inaturalist-open-data.s3.amazonaws.com/photos/190960356/medium.jpeg,,,,2,0,false,,"Tijuana, B.C., México",32.37579773,-116.6684945,15,,,,15,,,false,,,Western Honey Bee,Apis mellifera,Abeja melífera europea,Insecta,47219
113048834,26/04/2022 16:46,26/04/2022,2022-04-26 23:46:44 UTC,Tijuana,5483926,mayder,Mayder Ruiz Velázquez,2022-04-27 02:35:15 UTC,2022-10-09 07:05:00 UTC,research,,https://www.inaturalist.org/observations/113048834,https://static.inaturalist.org/photos/191002567/medium.jpeg,,,,3,0,false,2,Facultad de Contaduría y Administración,32.53207635,-116.9619013,211,,,,211,,,false,,,Western Honey Bee,Apis mellifera,Abeja melífera europea,Insecta,47219
114909441,2022-05-02 15:42:16-07:00,02/05/2022,2022-05-02 22:42:16 UTC,Tijuana,5420833,valecastorena,,2022-05-02 22:42:23 UTC,2022-10-09 07:06:45 UTC,research,CC-BY-NC,https://www.inaturalist.org/observations/114909441,https://inaturalist-open-data.s3.amazonaws.com/photos/193984904/medium.jpg,,,,3,0,false,3,"Avenida Parque Baja California Norte, Tijuana, BC, MX",32.51427,-117.1145695,35,,,,35,,,false,,,Abeja melífera europea,Apis mellifera,Abeja melífera europea,Insecta,47219
117198139,2022-05-15 12:57:49-07:00,15/05/2022,2022-05-15 19:57:49 UTC,Tijuana,5653791,angelicabanuelos,,2022-05-15 20:03:58 UTC,2022-05-16 06:31:24 UTC,research,CC-BY-NC,https://www.inaturalist.org/observations/117198139,https://inaturalist-open-data.s3.amazonaws.com/photos/197900113/medium.jpg,,,,2,0,false,3,"Tijuana, BC, MX",32.35771204,-116.8773519,47516,,,,47516,,,false,,,Western Honey Bee,Apis mellifera,Abeja melífera europea,Insecta,47219
117534681,27/02/2022 13:11,27/02/2022,2022-02-27 21:11:19 UTC,Tijuana,2382094,srsvivos,srsvivos,2022-05-18 01:34:50 UTC,2022-09-07 04:24:50 UTC,research,CC-BY,https://www.inaturalist.org/observations/117534681,https://inaturalist-open-data.s3.amazonaws.com/photos/198509102/medium.jpeg,,,,2,0,false,2,"Rio Tijuana 3ra Etapa, 22226 Tijuana, B.C., México",32.49919123,-116.93642,4,,,,4,,,false,gps,gps,Western Honey Bee,Apis mellifera,Abeja melífera europea,Insecta,47219
117742004,2022-05-18 13:34:00-07:00,18/05/2022,2022-05-18 20:34:00 UTC,Tijuana,5680274,azul_mj,,2022-05-19 15:59:29 UTC,2022-09-07 04:24:49 UTC,research,CC-BY-NC,https://www.inaturalist.org/observations/117742004,https://inaturalist-open-data.s3.amazonaws.com/photos/198877216/medium.jpg,,,La abeja ,3,0,false,3,"Preparatoria Federal Lázaro Cárdenas, Tijuana, BC, MX",32.51526206,-117.003941,16,,,,16,,,false,,,Western Honey Bee,Apis mellifera,Abeja melífera europea,Insecta,47219
118720658,25/05/2022 17:23,25/05/2022,2022-05-26 00:23:49 UTC,Tijuana,5728490,danna116,Danna Cervantes,2022-05-26 00:24:32 UTC,2022-09-07 10:27:43 UTC,research,,https://www.inaturalist.org/observations/118720658,https://static.inaturalist.org/photos/200619167/medium.jpeg,,,,3,0,false,2,"El Florido 1ra y 2da Secc, 22237 Tijuana, B.C., México",32.46347,-116.87552,4,,,,4,,,false,,,Western Honey Bee,Apis mellifera,Abeja melífera europea,Insecta,47219
118798852,26/05/2022 09:18,26/05/2022,2022-05-26 16:18:20 UTC,Tijuana,5730901,joex830,joex830,2022-05-26 16:19:17 UTC,2022-10-09 07:04:48 UTC,research,,https://www.inaturalist.org/observations/118798852,https://static.inaturalist.org/photos/200757210/medium.jpeg,,,,4,1,false,2,"Jardines de La Mesa, 22126 Tijuana, B.C., México",32.46009882,-116.933123,5,,,,5,,,false,,,Western Honey Bee,Apis mellifera,Abeja melífera europea,Insecta,47219
118934546,2022-05-27 09:15:28-07:00,27/05/2022,2022-05-27 16:15:28 UTC,Tijuana,5733471,alma_riv18,,2022-05-27 16:17:32 UTC,2022-09-07 04:24:37 UTC,research,CC-BY-NC,https://www.inaturalist.org/observations/118934546,https://inaturalist-open-data.s3.amazonaws.com/photos/201002702/medium.jpg,,,,3,0,false,3,"Calle Primero de Octubre, Tijuana, BC, MX",32.4595479,-116.9342929,16,,,,16,,,false,,,Western Honey Bee,Apis mellifera,Abeja melífera europea,Insecta,47219
119137666,28/05/2022 13:45,28/05/2022,2022-05-28 20:45:45 UTC,Tijuana,2037698,ianbravo_04,Ian Bravo,2022-05-28 21:50:42 UTC,2022-09-07 04:24:36 UTC,research,CC-BY,https://www.inaturalist.org/observations/119137666,https://inaturalist-open-data.s3.amazonaws.com/photos/201363886/medium.jpeg,,,Ni idea que tipo de abeja sea.,2,0,false,2,"Villafontana, Fontana I, Tijuana, B.C., México",32.50114261,-116.8689091,4,,,,4,,,false,gps,gps,Halictus ligatus,Halictus ligatus,Halictus ligatus,Insecta,154298
121247497,Tue Jun 07 2022 13:04:40 GMT-0700 (PDT),07/06/2022,2022-06-07 20:04:40 UTC,Tijuana,246499,sulavanderplank,Sula Vanderplank,2022-06-11 15:28:38 UTC,2022-10-06 04:20:45 UTC,needs_id,CC-BY,https://www.inaturalist.org/observations/121247497,https://inaturalist-open-data.s3.amazonaws.com/photos/205178694/medium.jpg,,,,1,0,false,3,"Tijuana, MX-BN, MX",32.36969667,-116.9456117,4,,,,4,,,false,,,Rhus Fairy Bee,Perdita rhois,Perdita rhois,Insecta,271716
121251970,Tue Jun 07 2022 13:05:00 GMT-0700 (PDT),07/06/2022,2022-06-07 20:05:00 UTC,Tijuana,246499,sulavanderplank,Sula Vanderplank,2022-06-11 15:58:06 UTC,2022-10-06 04:20:36 UTC,needs_id,CC-BY,https://www.inaturalist.org/observations/121251970,https://inaturalist-open-data.s3.amazonaws.com/photos/205161560/medium.jpg,,,,1,0,false,3,"Tijuana, MX-BN, MX",32.36969667,-116.9456117,4,,,,4,,,false,,,Rhus Fairy Bee,Perdita rhois,Perdita rhois,Insecta,271716
123185694,2022-06-07 22:13:00-07:00,07/06/2022,2022-06-08 05:13:00 UTC,Tijuana,472343,carlosgonzalezr,Carlos Gonzalez,2022-06-24 05:23:51 UTC,2023-01-28 15:56:11 UTC,research,CC-BY-NC,https://www.inaturalist.org/observations/123185694,https://inaturalist-open-data.s3.amazonaws.com/photos/208659530/medium.jpg,,,,1,0,false,3,"Corredor 2000 Tijuana-Rosarito, Tijuana, BC, MX",32.3679,-116.94883,5,,,,5,,,false,,,Coquillettapis,Diadasia diminuta,Abejas de malvas,Insecta,1444494
123225117,2022-06-07 22:40:00-07:00,07/06/2022,2022-06-08 05:40:00 UTC,Tijuana,472343,carlosgonzalezr,Carlos Gonzalez,2022-06-24 14:19:59 UTC,2022-07-12 18:37:18 UTC,research,CC-BY-NC,https://www.inaturalist.org/observations/123225117,https://inaturalist-open-data.s3.amazonaws.com/photos/208727894/medium.jpg,,,On Nolina interrata male flowers,1,0,false,3,"Corredor 2000 Tijuana-Rosarito, Tijuana, BC, MX",32.369475,-116.94625,4,,,,4,,,false,,,Rhus Fairy Bee,Perdita rhois,Perdita rhois,Insecta,271716
123225151,2022-06-07 22:41:00-07:00,07/06/2022,2022-06-08 05:41:00 UTC,Tijuana,472343,carlosgonzalezr,Carlos Gonzalez,2022-06-24 14:20:23 UTC,2022-07-12 18:37:29 UTC,needs_id,CC-BY-NC,https://www.inaturalist.org/observations/123225151,https://inaturalist-open-data.s3.amazonaws.com/photos/208727974/medium.jpg,,,On Nolina interrata male flowers,1,0,false,3,"Corredor 2000 Tijuana-Rosarito, Tijuana, BC, MX",32.369475,-116.94628,4,,,,4,,,false,,,Perdita,Perdita,Perdita,Insecta,571464
123284325,2022-06-24 14:45:27-07:00,24/06/2022,2022-06-24 21:45:27 UTC,Tijuana,1650434,birdzilla,,2022-06-24 22:27:55 UTC,2022-11-09 01:28:48 UTC,research,CC-BY,https://www.inaturalist.org/observations/123284325,https://inaturalist-open-data.s3.amazonaws.com/photos/208834476/medium.jpg,,,,4,0,false,3,"Pacific Ocean, Tijuana, BC, MX",32.53287833,-117.1240167,5,,,,5,,,false,,,Western Honey Bee,Apis mellifera,Abeja melífera europea,Insecta,47219
123285319,2022-06-24 14:29:24-07:00,24/06/2022,2022-06-24 21:29:24 UTC,Tijuana,1650434,birdzilla,,2022-06-24 22:37:14 UTC,2022-11-08 13:35:07 UTC,research,CC-BY,https://www.inaturalist.org/observations/123285319,https://inaturalist-open-data.s3.amazonaws.com/photos/208835230/medium.jpg,,,,2,0,false,3,"Paseo Costero, Tijuana, BC, MX",32.53350833,-117.1236333,5,,,,5,,,false,,,Abeja melífera europea,Apis mellifera,Abeja melífera europea,Insecta,47219
126127206,10/07/2022 10:01,10/07/2022,2022-07-10 17:01:00 UTC,Tijuana,824069,oscarjimenez,Oscar Jimenez-Orocio,2022-07-13 22:17:25 UTC,2022-07-25 05:08:53 UTC,needs_id,CC-BY-NC,https://www.inaturalist.org/observations/126127206,https://inaturalist-open-data.s3.amazonaws.com/photos/213966315/medium.jpeg,,,,1,0,false,,"Jardinesdel Pedregal, Tijuana, B.C., México",32.52223167,-116.97672,,,,,,,,false,,,Large Carpenter Bees,Xylocopa sonorina,Abejorro carpintero de Sonora,Insecta,244216
126414562,2022-07-15 15:38:06-07:00,15/07/2022,2022-07-15 22:38:06 UTC,Tijuana,4073191,jesus1200_awesome,Jesus1200 Awesome,2022-07-16 00:14:51 UTC,2022-10-23 00:09:46 UTC,needs_id,,https://www.inaturalist.org/observations/126414562,https://static.inaturalist.org/photos/214488001/medium.jpg,,,"Hay muchas de esta abejitas pequeñas en mi jardin, y creo que Son probablemente (ceratina arizonensis). Dos están chupando néctar de mi Algodoncillo de hoja delgada (asclepias fascicularis) 😁💖❤️😊☺️

There are quite lots of them flying around my pollinator garden, I think they are Arizona small carpenter bees. But I’m not sure.

Two of them were sipping nectar from the flowers of our narrow leaf milkweed 😁💖❤️😊☺️

",3,1,false,3,"Avenida Toribio Ortega, Tijuana, Baja California, MX",32.51139283,-117.0543569,22,,,,22,,,false,,,Lasioglossum,Lasioglossum,Lasioglossum,Insecta,57678
126776861,2022-07-17 14:20:28-07:00,17/07/2022,2022-07-17 21:20:28 UTC,Tijuana,4073191,jesus1200_awesome,Jesus1200 Awesome,2022-07-18 06:56:18 UTC,2023-01-30 02:52:05 UTC,needs_id,,https://www.inaturalist.org/observations/126776861,https://static.inaturalist.org/photos/215146501/medium.jpg,,,"Es probablemente esta especie? Ayúdenme a identificar esta especie!

Is it this species? Help me identify this species!",3,0,false,3,"Avenida Toribio Ortega, Tijuana, Baja California, MX",32.51136398,-117.0543569,59,,,,59,,,false,,,Metallic Sweat Bees,Dialictus,Abejas metálicas del sudor,Insecta,126545
128052686,26/07/2022 09:28,26/07/2022,2022-07-26 16:28:29 UTC,Tijuana,382312,dmariana,Mariana Delgado-Fernández,2022-07-26 21:12:09 UTC,2022-08-14 06:22:36 UTC,research,,https://www.inaturalist.org/observations/128052686,https://static.inaturalist.org/photos/217470046/medium.jpeg,,,,1,0,false,2,"22250 B.C., México",32.45385797,-116.905946,,,,,,,,false,,,Tripartite Sweat Bee,Halictus tripartitus,Halictus tripartitus,Insecta,309390
129883428,05/08/2022 11:11,05/08/2022,2022-08-05 18:11:00 UTC,Tijuana,2037698,ianbravo_04,Ian Bravo,2022-08-07 20:34:43 UTC,2022-08-11 10:48:47 UTC,research,CC-BY,https://www.inaturalist.org/observations/129883428,https://inaturalist-open-data.s3.amazonaws.com/photos/220784198/medium.jpg,,,Una abeja entre los arbustos de la Plaza Cincuentenario,2,0,false,,"UABC, 22424 Tijuana, B.C., México",32.53221892,-116.9651031,,,,,,,,false,,,Western Honey Bee,Apis mellifera,Abeja melífera europea,Insecta,47219
131262014,2022-08-17 15:35:47-07:00,17/08/2022,2022-08-17 22:35:47 UTC,Tijuana,6032201,armando_cota_pizano,Armando Cota Pizano,2022-08-17 22:35:59 UTC,2022-08-31 03:18:46 UTC,research,,https://www.inaturalist.org/observations/131262014,https://static.inaturalist.org/photos/223347500/medium.jpg,,,,2,0,false,3,"Avenida Geranio, Tijuana, Baja California, MX",32.4646408,-116.8760178,18,,,,18,,,false,,,Western Honey Bee,Apis mellifera,Abeja melífera europea,Insecta,47219
131652914,2022-08-20 13:31:51-07:00,20/08/2022,2022-08-20 20:31:51 UTC,Tijuana,4073191,jesus1200_awesome,Jesus1200 Awesome,2022-08-20 22:54:33 UTC,2022-09-12 05:16:35 UTC,research,,https://www.inaturalist.org/observations/131652914,https://static.inaturalist.org/photos/224073183/medium.jpg,,,"En mi jardín andaba esta Bella abeja excavadora de California chupando néctar de las flores de mi lavanda, mirto peninsular y de mi corethrogyne filaginifolia (aster de california). 😁💖😊❤️

A gorgeous california digger bee came by to drink nectar from the flowers of lavender, cleveland sage, and california aster.😁💖😊❤️",1,0,false,3,"Avenida Toribio Ortega, Tijuana, Baja California, MX",32.51157302,-117.0542331,22,,,,22,,,false,,,Urbane Digger Bee,Anthophora urbana,Anthophora urbana,Insecta,57681
131702245,27/02/2022 14:58,27/02/2022,2022-02-27 22:58:33 UTC,Tijuana,2382094,srsvivos,srsvivos,2022-08-21 08:46:22 UTC,2022-08-31 03:18:40 UTC,research,CC-BY,https://www.inaturalist.org/observations/131702245,https://inaturalist-open-data.s3.amazonaws.com/photos/224168167/medium.jpeg,,,,2,0,false,2,"Rio Tijuana 3ra Etapa, 22226 Tijuana, B.C., México",32.49882645,-116.9399182,4,,,,4,,,false,gps,gps,Western Honey Bee,Apis mellifera,Abeja melífera europea,Insecta,47219
132384510,06/03/2022 14:40,06/03/2022,2022-03-06 22:40:42 UTC,Tijuana,2382094,srsvivos,srsvivos,2022-08-26 09:41:21 UTC,2022-09-08 16:35:50 UTC,research,CC-BY,https://www.inaturalist.org/observations/132384510,https://inaturalist-open-data.s3.amazonaws.com/photos/225437952/medium.jpeg,,,,3,0,false,2,"Rio Tijuana 3ra Etapa, 22226 Tijuana, B.C., México",32.49806013,-116.9400336,4,,,,4,,,false,gps,gps,Abeja melífera europea,Apis mellifera,Abeja melífera europea,Insecta,47219
132672396,2022-08-21 13:41:29-07:00,21/08/2022,2022-08-21 20:41:29 UTC,Tijuana,5669595,isaac584,isaac guerrero,2022-08-28 19:37:14 UTC,2022-08-31 03:18:24 UTC,research,,https://www.inaturalist.org/observations/132672396,https://static.inaturalist.org/photos/225900764/medium.jpg,,,,2,0,false,3,"Plaza Las Palmas, Tijuana, Baja California, MX",32.50806167,-116.9843617,14,,,,14,,,false,,,Abeja melífera europea,Apis mellifera,Abeja melífera europea,Insecta,47219
134083384,07/09/2022 13:00,07/09/2022,2022-09-07 20:00:20 UTC,Tijuana,1451260,manuel_docente,Manuel Antonio A,2022-09-07 20:02:25 UTC,2022-10-07 04:37:04 UTC,research,,https://www.inaturalist.org/observations/134083384,https://static.inaturalist.org/photos/228489861/medium.jpeg,,,,3,0,false,2,"Buenos Aires Nte., 22200 Tijuana, B.C., México",32.51609182,-116.9025415,10,,,,10,,,false,,,Valley Carpenter Bee,Xylocopa sonorina,Abejorro carpintero de Sonora,Insecta,244216
135722414,2022-09-17 11:41:03-07:00,17/09/2022,2022-09-17 18:41:03 UTC,Tijuana,4073191,jesus1200_awesome,Jesus1200 Awesome,2022-09-19 23:04:19 UTC,2022-10-22 22:20:36 UTC,needs_id,,https://www.inaturalist.org/observations/135722414,https://static.inaturalist.org/photos/231528054/medium.jpg,,,"No se que especie de abeja es esta. Habían unas cuentas en nuestro arbusto dorado (isocoma menziesii).

I don’t know what kind of species is this bee. There were quite a few on our coastal golden bush.",2,0,false,3,"Avenida Toribio Ortega, Tijuana, Baja California, MX",32.51145257,-117.054341,41,,,,41,,,false,,,Masked Bees,Hylaeus,Abejas de cara amarilla,Insecta,127812
135728811,2022-09-18 11:31:40-07:00,18/09/2022,2022-09-18 18:31:40 UTC,Tijuana,4073191,jesus1200_awesome,Jesus1200 Awesome,2022-09-20 00:06:26 UTC,2022-10-22 22:20:33 UTC,needs_id,,https://www.inaturalist.org/observations/135728811,https://static.inaturalist.org/photos/231540500/medium.jpg,,,"No se que especie de abeja es esta. Probablemente Megachile pusilla?

I don’t know what species this bee is. Probably Megachile pusilla?",4,0,false,3,"Avenida Toribio Ortega, Tijuana, Baja California, MX",32.51137278,-117.0543273,22,,,,22,,open,false,,,Abejas cortadoras de hojas,Megachile,Abejas cortadoras de hojas,Insecta,52784
135986426,2022-09-18 12:27:41-07:00,18/09/2022,2022-09-18 19:27:41 UTC,Tijuana,4073191,jesus1200_awesome,Jesus1200 Awesome,2022-09-22 00:56:55 UTC,2022-10-14 05:58:02 UTC,research,,https://www.inaturalist.org/observations/135986426,https://static.inaturalist.org/photos/232019958/medium.jpg,,,"En nuestro arbusto dorado (isocoma menziesii) andaba esta abejita nativa chupando néctar y agarrando polen de sus flores 😁💖❤️😊

 This Ligated furrow bee was drinking nectar from the flowers  and gathering polen of our coastal golden bush. 😁💖❤️😊",1,0,false,3,"Avenida Toribio Ortega, Tijuana, Baja California, MX",32.51130998,-117.0543418,22,,,,22,,,false,,,Ligated Furrow Bee,Halictus ligatus,Halictus ligatus,Insecta,154298
137769051,06/10/2022 10:24,06/10/2022,2022-10-06 17:24:00 UTC,Tijuana,6220040,carladeltorito,,2022-10-06 17:42:41 UTC,2022-10-13 03:48:41 UTC,research,CC-BY-NC,https://www.inaturalist.org/observations/137769051,https://inaturalist-open-data.s3.amazonaws.com/photos/235352582/medium.jpeg,,,"Estaba adentro de mi escuela, muerta.",3,0,false,,"Playas, Playas Coronado, Tijuana, B.C., México",32.53156667,-117.1167611,5,,,,5,,,false,,,Abeja melífera europea,Apis mellifera,Abeja melífera europea,Insecta,47219
139383164,2022-10-19 17:12:47-07:00,19/10/2022,2022-10-20 00:12:47 UTC,Tijuana,6219970,johelypulido,,2022-10-20 00:12:51 UTC,2022-10-21 21:21:46 UTC,research,CC-BY-NC,https://www.inaturalist.org/observations/139383164,https://inaturalist-open-data.s3.amazonaws.com/photos/238387200/medium.jpg,,,,3,0,false,3,"Avenida Paseo del Pedregal, Tijuana, Baja California, MX",32.530455,-117.1142055,5,,,,5,,,false,,,Western Honey Bee,Apis mellifera,Abeja melífera europea,Insecta,47219
144676191,2022-12-18 19:18:01-08:00,18/12/2022,2022-12-19 03:18:01 UTC,Tijuana,736338,shargarcia,Shar Garcia,2022-12-19 17:29:52 UTC,2023-01-10 03:33:14 UTC,needs_id,CC-BY-NC,https://www.inaturalist.org/observations/144676191,https://inaturalist-open-data.s3.amazonaws.com/photos/248361988/medium.jpg,,,,1,0,false,3,"Calle Ferrocarril, Tijuana, Baja California, MX",32.53803369,-117.0179346,78,,,,78,,,false,,,Valley Carpenter Bee,Xylocopa sonorina,Abejorro carpintero de Sonora,Insecta,244216
146431829,12/01/2023 13:44,12/01/2023,2023-01-12 21:44:42 UTC,Tijuana,2811028,laurelthrone,Laurel Fallon,2023-01-12 23:37:46 UTC,2023-01-20 01:11:24 UTC,research,CC0,https://www.inaturalist.org/observations/146431829,https://inaturalist-open-data.s3.amazonaws.com/photos/251750427/medium.jpeg,,,,2,0,false,2,"22430 Tijuana, Baja California, Mexico",32.535472,-116.9431168,,,,,,,,false,gps,gps,Western Honey Bee,Apis mellifera,Abeja melífera europea,Insecta,47219
147788848,31/01/2023 13:38,31/01/2023,2023-01-31 21:38:56 UTC,Tijuana,2811028,laurelthrone,Laurel Fallon,2023-01-31 21:51:02 UTC,2023-02-01 10:12:19 UTC,research,CC0,https://www.inaturalist.org/observations/147788848,https://inaturalist-open-data.s3.amazonaws.com/photos/254369134/medium.jpeg,,,,2,0,false,2,"Otay Constituyentes, 22457 Tijuana, B.C., Mexico",32.5276374,-116.9436411,,,,,,,,false,gps,gps,Western Honey Bee,Apis mellifera,Abeja melífera europea,Insecta,47219
149492479,23/02/2023,23/02/2023,,Tijuana,6523729,oscar_daniel6,OSCAR,2023-02-23 18:29:33 UTC,2023-02-24 21:19:17 UTC,research,,https://www.inaturalist.org/observations/149492479,https://static.inaturalist.org/photos/257608879/medium.jpeg,,,,3,0,false,2,,32.56363532,-117.1065849,34,,,,29093,obscured,,true,gps,gps,Abeja melífera europea,Apis mellifera,Abeja melífera europea,Insecta,47219
149596107,2023-02-24 10:39:52-08:00,24/02/2023,2023-02-24 18:39:52 UTC,Tijuana,6526593,charlize_15,,2023-02-25 00:23:41 UTC,2023-02-27 14:15:57 UTC,research,CC-BY-NC,https://www.inaturalist.org/observations/149596107,https://inaturalist-open-data.s3.amazonaws.com/photos/257804103/medium.jpg,,,,2,0,false,3,"Avenida Parque Baja California Sur, Tijuana, Baja California, MX",32.51376667,-117.1129083,4,,,,4,,,false,,,Western Honey Bee,Apis mellifera,Abeja melífera europea,Insecta,47219
150351537,05/03/2023 12:34,05/03/2023,2023-03-05 20:34:36 UTC,Tijuana,2811028,laurelthrone,Laurel Fallon,2023-03-05 22:16:25 UTC,2023-03-06 09:49:38 UTC,research,CC0,https://www.inaturalist.org/observations/150351537,https://inaturalist-open-data.s3.amazonaws.com/photos/259235130/medium.jpeg,,,,2,0,false,2,"22430 Tijuana, Baja California, Mexico",32.5332259,-116.9441395,,,,,,,,false,gps,gps,Western Honey Bee,Apis mellifera,Abeja melífera europea,Insecta,47219
